{
  "Recall@5_Genre0": 0.013322368421052631,
  "Recall@5_Genre1": 0.008552631578947369,
  "Recall@5_Genre2": 0.01540570176745716,
  "Recall@5_Genre3": 0.005427631578947369,
  "Recall@5_Genre4": 0.0018092105263157895,
  "Recall@5_Genre5": 0.0029605263157894738,
  "Recall@5_Genre6": 0.00805921052631579,
  "Recall@5_Genre7": 0.003289473684210526,
  "Recall@5_Genre8": 0.0034539473684210525,
  "Recall@5_Genre9": 0.0048793859779834746,
  "Recall@5_Genre10": 0.003618421052631579,
  "Recall@5_Genre11": 0.0034539473684210525,
  "Recall@5_Genre12": 0.0021381578947368422,
  "Recall@5_Genre13": 0.002302631578947368,
  "Recall@5_Genre14": 0.0008223684210526315,
  "Recall@5_Genre15": 0.0008223684210526315,
  "Recall@5_Genre16": 0.001644736842105263,
  "Recall@5_Genre17": 0.000986842105263158,
  "Recall@5_Avg": 0.004608309086363174
}