{
  "Recall@5_Genre0": 0.008223684210526315,
  "Recall@5_Genre1": 0.01069078947368421,
  "Recall@5_Genre2": 0.007894736842105263,
  "Recall@5_Genre3": 0.01299342105263158,
  "Recall@5_Genre4": 0.009320175451667686,
  "Recall@5_Genre5": 0.0018092105263157895,
  "Recall@5_Genre6": 0.013267543872720318,
  "Recall@5_Genre7": 0.006578947368421052,
  "Recall@5_Genre8": 0.019188596504299264,
  "Recall@5_Genre9": 0.007565789473684211,
  "Recall@5_Genre10": 0.005427631578947369,
  "Recall@5_Genre11": 0.004769736842105263,
  "Recall@5_Genre12": 0.007346491241141369,
  "Recall@5_Genre13": 0.00685307018850979,
  "Recall@5_Genre14": 0.007894736842105263,
  "Recall@5_Genre15": 0.006359649135878212,
  "Recall@5_Genre16": 0.007072368421052632,
  "Recall@5_Genre17": 0.008717105263157894,
  "Recall@5_Avg": 0.00844298257909127
}